<?xml version="1.0" encoding="UTF-8"?>
<group_details>
  <multi_tab_menu>N</multi_tab_menu>
  <page_list>
    <page_details>
      <type_of_page>INITIAL</type_of_page>
      <page_name>cust_dummy_InitialPage.jsp</page_name>
    </page_details>
    <page_details>
      <type_of_page>DETAILS</type_of_page>
      <page_name>simdisb_det.jsp</page_name>
    </page_details>
    <page_details>
      <type_of_page>RESULT</type_of_page>
      <page_name>simdisb_res.jsp</page_name>
    </page_details>
  </page_list>
  <invocation_list>
    <invocation_details>
      <action_code>SUBMIT</action_code>
      <function_code>NA</function_code>
      <invocation_name>simdisbmn005.scr</invocation_name>
    </invocation_details>
    <invocation_details>
      <action_code>SAVE</action_code>
      <function_code>NA</function_code>
      <invocation_name>simdisb.scr</invocation_name>
    </invocation_details>
    <invocation_details>
      <action_code>VALIDATE</action_code>
      <function_code>NA</function_code>
      <invocation_name>simdisbVal.scr</invocation_name>
    </invocation_details>
  </invocation_list>
  <tab_details_list>
    <header_fields />
  </tab_details_list>
  <multirec_list />
  <field_list>
    <field>
      <name>funcCode</name>
      <datatype>String</datatype>
      <mr_field>N</mr_field>
      <group_field>Y</group_field>
    </field> 
	<field>
      <name>Err</name>
      <datatype>String</datatype>
      <mr_field>N</mr_field>
      <group_field>Y</group_field>
    </field>
	<field>
      <name>hdisb</name>
      <datatype>String</datatype>
      <mr_field>N</mr_field>
      <group_field>Y</group_field>
    </field>
	<field>
      <name>checkAll1</name>
      <datatype>String</datatype>
      <mr_field>N</mr_field>
      <group_field>Y</group_field>
    </field>
    <field>
      <name>tranDate</name>
      <datatype>String</datatype>
      <mr_field>N</mr_field>
      <group_field>Y</group_field>
    </field>
    <field>
      <name>solId</name>
      <datatype>String</datatype>
      <mr_field>N</mr_field>
      <group_field>Y</group_field>
    </field>
    <field>
      <name>acctStatus</name>
      <datatype>String</datatype>
      <mr_field>N</mr_field>
      <group_field>Y</group_field>
    </field>
	
    <field>
      <name>custStatus</name>
      <datatype>String</datatype>
      <mr_field>N</mr_field>
      <group_field>Y</group_field>
    </field>
	
    <field>
      <name>mnth</name>
      <datatype>String</datatype>
      <mr_field>N</mr_field>
      <group_field>Y</group_field>
    </field>
	<field>
      <name>msg</name>
      <datatype>String</datatype>
      <mr_field>N</mr_field>
      <group_field>Y</group_field>
    </field>
	
    <field>
      <name>dayM</name>
      <datatype>String</datatype>
      <mr_field>N</mr_field>
      <group_field>Y</group_field>
    </field>
	
	<field>
      <name>totDisbAmts</name>
      <datatype>String</datatype>
      <mr_field>N</mr_field>
      <group_field>Y</group_field>
    </field>
	
    <field>
      <name>tranType</name>
      <datatype>String</datatype>
      <mr_field>N</mr_field>
      <group_field>Y</group_field>
    </field>
	
    <field>
      <name>funcCode</name>
      <datatype>String</datatype>
      <mr_field>N</mr_field>
      <group_field>Y</group_field>
    </field>
	
    <field>
      <name>disbAmt</name>
      <datatype>String</datatype>
      <mr_field>N</mr_field>
      <group_field>Y</group_field>
    </field>
	
    <field>
      <name>disbdAmt</name>
      <datatype>String</datatype>
      <mr_field>N</mr_field>
      <group_field>Y</group_field>
    </field>
	
    <field>
      <name>availDisbAmt</name>
      <datatype>String</datatype>
      <mr_field>N</mr_field>
      <group_field>Y</group_field>
    </field>
	
    <field>
      <name>finDisb</name>
      <datatype>String</datatype>
      <mr_field>N</mr_field>
      <group_field>Y</group_field>
    </field>
	
    <field>
      <name>groNetDisb</name>
      <datatype>String</datatype>
      <mr_field>N</mr_field>
      <group_field>Y</group_field>
    </field>
	
	
	
    <field>
      <name>bvnNo</name>
      <datatype>String</datatype>
      <mr_field>N</mr_field>
      <group_field>Y</group_field>
    </field>
    <field>
      <name>acctNo</name>
      <datatype>String</datatype>
      <mr_field>N</mr_field>
      <group_field>Y</group_field>
    </field>
    <field>
      <name>crcnyCode</name>
      <datatype>String</datatype>
      <mr_field>N</mr_field>
      <group_field>Y</group_field>
    </field>
    <field>
      <name>AcctName</name>
      <datatype>String</datatype>
      <mr_field>N</mr_field>
      <group_field>Y</group_field>
    </field>
    <field>
      <name>amt</name>
      <datatype>String</datatype>
      <mr_field>N</mr_field>
      <group_field>Y</group_field>
    </field>
    <field>
      <name>tranPartcls</name>
      <datatype>String</datatype>
      <mr_field>N</mr_field>
      <group_field>Y</group_field>
    </field>
	<field>
      <name>tranPartcls5</name>
      <datatype>String</datatype>
      <mr_field>N</mr_field>
      <group_field>Y</group_field>
    </field>
<field>
      <name>tranCode</name>
      <datatype>String</datatype>
      <mr_field>N</mr_field>
      <group_field>Y</group_field>
    </field>

    <field>
      <name>tellerTillBal</name>
      <datatype>String</datatype>
      <mr_field>N</mr_field>
      <group_field>Y</group_field>
    </field>
	<field>
      <name>rmks</name>
      <datatype>String</datatype>
      <mr_field>N</mr_field>
      <group_field>Y</group_field>
    </field>
	<field>
      <name>selfDep</name>
      <datatype>String</datatype>
      <mr_field>N</mr_field>
      <group_field>Y</group_field>
    </field>
	<field>
      <name>nfiu</name>
      <datatype>String</datatype>
      <mr_field>N</mr_field>
      <group_field>Y</group_field>
    </field>
	<field>
      <name>cifId</name>
      <datatype>String</datatype>
      <mr_field>N</mr_field>
      <group_field>Y</group_field>
    </field>
    <field>
      <name>radPrntAdv</name>
      <datatype>String</datatype>
      <mr_field>N</mr_field>
      <group_field>Y</group_field>
    </field>
    <field>
      <name>depBvnNo</name>
      <datatype>String</datatype>
      <mr_field>N</mr_field>
      <group_field>Y</group_field>
    </field>
    <field>
      <name>Message</name>
      <datatype>String</datatype>
      <mr_field>N</mr_field>
      <group_field>N</group_field>
    </field>
	<field>
      <name>Denom11</name>
      <datatype>String</datatype>
      <mr_field>N</mr_field>
      <group_field>Y</group_field>
    </field>
	<field>
      <name>Denom12</name>
      <datatype>String</datatype>
      <mr_field>N</mr_field>
      <group_field>Y</group_field>
    </field>
	<field>
      <name>Denom13</name>
      <datatype>String</datatype>
      <mr_field>N</mr_field>
      <group_field>Y</group_field>
    </field>
	<field>
      <name>Denom14</name>
      <datatype>String</datatype>
      <mr_field>N</mr_field>
      <group_field>Y</group_field>
    </field>
	<field>
      <name>Denom15</name>
      <datatype>String</datatype>
      <mr_field>N</mr_field>
      <group_field>Y</group_field>
    </field>
	<field>
      <name>Denom16</name>
      <datatype>String</datatype>
      <mr_field>N</mr_field>
      <group_field>Y</group_field>
    </field>
	<field>
      <name>Denom21</name>
      <datatype>String</datatype>
      <mr_field>N</mr_field>
      <group_field>Y</group_field>
    </field>
	<field>
      <name>Denom22</name>
      <datatype>String</datatype>
      <mr_field>N</mr_field>
      <group_field>Y</group_field>
    </field>
	<field>
      <name>Denom23</name>
      <datatype>String</datatype>
      <mr_field>N</mr_field>
      <group_field>Y</group_field>
    </field>
	<field>
      <name>Denom24</name>
      <datatype>String</datatype>
      <mr_field>N</mr_field>
      <group_field>Y</group_field>
    </field>
	<field>
      <name>Denom25</name>
      <datatype>String</datatype>
      <mr_field>N</mr_field>
      <group_field>Y</group_field>
    </field>
	<field>
      <name>Denom26</name>
      <datatype>String</datatype>
      <mr_field>N</mr_field>
      <group_field>Y</group_field>
    </field>
	<field>
      <name>Denom31</name>
      <datatype>String</datatype>
      <mr_field>N</mr_field>
      <group_field>Y</group_field>
    </field>
	<field>
      <name>Denom32</name>
      <datatype>String</datatype>
      <mr_field>N</mr_field>
      <group_field>Y</group_field>
    </field>
	<field>
      <name>Denom33</name>
      <datatype>String</datatype>
      <mr_field>N</mr_field>
      <group_field>Y</group_field>
    </field>
	<field>
      <name>Denom34</name>
      <datatype>String</datatype>
      <mr_field>N</mr_field>
      <group_field>Y</group_field>
    </field>
	<field>
      <name>Denom35</name>
      <datatype>String</datatype>
      <mr_field>N</mr_field>
      <group_field>Y</group_field>
    </field>
	<field>
      <name>Denom36</name>
      <datatype>String</datatype>
      <mr_field>N</mr_field>
      <group_field>Y</group_field>
    </field>
	<field>
      <name>Denom41</name>
      <datatype>String</datatype>
      <mr_field>N</mr_field>
      <group_field>Y</group_field>
    </field>
	<field>
      <name>Denom42</name>
      <datatype>String</datatype>
      <mr_field>N</mr_field>
      <group_field>Y</group_field>
    </field>
	<field>
      <name>Denom43</name>
      <datatype>String</datatype>
      <mr_field>N</mr_field>
      <group_field>Y</group_field>
    </field>
	<field>
      <name>Denom44</name>
      <datatype>String</datatype>
      <mr_field>N</mr_field>
      <group_field>Y</group_field>
    </field>
	<field>
      <name>Denom45</name>
      <datatype>String</datatype>
      <mr_field>N</mr_field>
      <group_field>Y</group_field>
    </field>
	<field>
      <name>Denom46</name>
      <datatype>String</datatype>
      <mr_field>N</mr_field>
      <group_field>Y</group_field>
    </field>
	<field>
      <name>Denom51</name>
      <datatype>String</datatype>
      <mr_field>N</mr_field>
      <group_field>Y</group_field>
    </field>
	<field>
      <name>Denom52</name>
      <datatype>String</datatype>
      <mr_field>N</mr_field>
      <group_field>Y</group_field>
    </field>
	<field>
      <name>Denom53</name>
      <datatype>String</datatype>
      <mr_field>N</mr_field>
      <group_field>Y</group_field>
    </field>
	<field>
      <name>Denom54</name>
      <datatype>String</datatype>
      <mr_field>N</mr_field>
      <group_field>Y</group_field>
    </field>
	<field>
      <name>Denom55</name>
      <datatype>String</datatype>
      <mr_field>N</mr_field>
      <group_field>Y</group_field>
    </field>
	<field>
      <name>Denom56</name>
      <datatype>String</datatype>
      <mr_field>N</mr_field>
      <group_field>Y</group_field>
    </field>
	<field>
      <name>Denom61</name>
      <datatype>String</datatype>
      <mr_field>N</mr_field>
      <group_field>Y</group_field>
    </field>
	<field>
      <name>Denom62</name>
      <datatype>String</datatype>
      <mr_field>N</mr_field>
      <group_field>Y</group_field>
    </field>
	<field>
      <name>Denom63</name>
      <datatype>String</datatype>
      <mr_field>N</mr_field>
      <group_field>Y</group_field>
    </field>
	<field>
      <name>Denom64</name>
      <datatype>String</datatype>
      <mr_field>N</mr_field>
      <group_field>Y</group_field>
    </field>
	<field>
      <name>Denom65</name>
      <datatype>String</datatype>
      <mr_field>N</mr_field>
      <group_field>Y</group_field>
    </field>
	<field>
      <name>Denom66</name>
      <datatype>String</datatype>
      <mr_field>N</mr_field>
      <group_field>Y</group_field>
    </field>
	<field>
      <name>Denom71</name>
      <datatype>String</datatype>
      <mr_field>N</mr_field>
      <group_field>Y</group_field>
    </field>
	<field>
      <name>Denom72</name>
      <datatype>String</datatype>
      <mr_field>N</mr_field>
      <group_field>Y</group_field>
    </field>
	<field>
      <name>Denom73</name>
      <datatype>String</datatype>
      <mr_field>N</mr_field>
      <group_field>Y</group_field>
    </field>
	<field>
      <name>Denom74</name>
      <datatype>String</datatype>
      <mr_field>N</mr_field>
      <group_field>Y</group_field>
    </field>
	<field>
      <name>Denom75</name>
      <datatype>String</datatype>
      <mr_field>N</mr_field>
      <group_field>Y</group_field>
    </field>
	<field>
      <name>Denom76</name>
      <datatype>String</datatype>
      <mr_field>N</mr_field>
      <group_field>Y</group_field>
    </field>
	<field>
      <name>Denom81</name>
      <datatype>String</datatype>
      <mr_field>N</mr_field>
      <group_field>Y</group_field>
    </field>
	<field>
      <name>Denom82</name>
      <datatype>String</datatype>
      <mr_field>N</mr_field>
      <group_field>Y</group_field>
    </field>
	<field>
      <name>Denom83</name>
      <datatype>String</datatype>
      <mr_field>N</mr_field>
      <group_field>Y</group_field>
    </field>
	<field>
      <name>Denom84</name>
      <datatype>String</datatype>
      <mr_field>N</mr_field>
      <group_field>Y</group_field>
    </field>
	<field>
      <name>Denom85</name>
      <datatype>String</datatype>
      <mr_field>N</mr_field>
      <group_field>Y</group_field>
    </field>
	<field>
      <name>Denom86</name>
      <datatype>String</datatype>
      <mr_field>N</mr_field>
      <group_field>Y</group_field>
    </field>
	<field>
      <name>Denom91</name>
      <datatype>String</datatype>
      <mr_field>N</mr_field>
      <group_field>Y</group_field>
    </field>
	<field>
      <name>Denom92</name>
      <datatype>String</datatype>
      <mr_field>N</mr_field>
      <group_field>Y</group_field>
    </field>
	<field>
      <name>Denom93</name>
      <datatype>String</datatype>
      <mr_field>N</mr_field>
      <group_field>Y</group_field>
    </field>
	<field>
      <name>Denom94</name>
      <datatype>String</datatype>
      <mr_field>N</mr_field>
      <group_field>Y</group_field>
    </field>
	<field>
      <name>Denom95</name>
      <datatype>String</datatype>
      <mr_field>N</mr_field>
      <group_field>Y</group_field>
    </field>
	<field>
      <name>Denom96</name>
      <datatype>String</datatype>
      <mr_field>N</mr_field>
      <group_field>Y</group_field>
    </field>
		<field>
      <name>finDisb11</name>
      <datatype>String</datatype>
      <mr_field>N</mr_field>
      <group_field>Y</group_field>
    </field>
	<field>
      <name>finDisb12</name>
      <datatype>String</datatype>
      <mr_field>N</mr_field>
      <group_field>Y</group_field>
    </field>
	<field>
      <name>finDisb13</name>
      <datatype>String</datatype>
      <mr_field>N</mr_field>
      <group_field>Y</group_field>
    </field>
	<field>
      <name>finDisb14</name>
      <datatype>String</datatype>
      <mr_field>N</mr_field>
      <group_field>Y</group_field>
    </field>
	<field>
      <name>finDisb15</name>
      <datatype>String</datatype>
      <mr_field>N</mr_field>
      <group_field>Y</group_field>
    </field>
	<field>
      <name>finDisb16</name>
      <datatype>String</datatype>
      <mr_field>N</mr_field>
      <group_field>Y</group_field>
    </field>
	<field>
      <name>finDisb21</name>
      <datatype>String</datatype>
      <mr_field>N</mr_field>
      <group_field>Y</group_field>
    </field>
	<field>
      <name>finDisb22</name>
      <datatype>String</datatype>
      <mr_field>N</mr_field>
      <group_field>Y</group_field>
    </field>
	<field>
      <name>finDisb23</name>
      <datatype>String</datatype>
      <mr_field>N</mr_field>
      <group_field>Y</group_field>
    </field>
	<field>
      <name>finDisb24</name>
      <datatype>String</datatype>
      <mr_field>N</mr_field>
      <group_field>Y</group_field>
    </field>
	<field>
      <name>finDisb25</name>
      <datatype>String</datatype>
      <mr_field>N</mr_field>
      <group_field>Y</group_field>
    </field>
	<field>
      <name>finDisb26</name>
      <datatype>String</datatype>
      <mr_field>N</mr_field>
      <group_field>Y</group_field>
    </field>
	<field>
      <name>finDisb31</name>
      <datatype>String</datatype>
      <mr_field>N</mr_field>
      <group_field>Y</group_field>
    </field>
	<field>
      <name>finDisb32</name>
      <datatype>String</datatype>
      <mr_field>N</mr_field>
      <group_field>Y</group_field>
    </field>
	<field>
      <name>finDisb33</name>
      <datatype>String</datatype>
      <mr_field>N</mr_field>
      <group_field>Y</group_field>
    </field>
	<field>
      <name>finDisb34</name>
      <datatype>String</datatype>
      <mr_field>N</mr_field>
      <group_field>Y</group_field>
    </field>
	<field>
      <name>finDisb35</name>
      <datatype>String</datatype>
      <mr_field>N</mr_field>
      <group_field>Y</group_field>
    </field>
	<field>
      <name>finDisb36</name>
      <datatype>String</datatype>
      <mr_field>N</mr_field>
      <group_field>Y</group_field>
    </field>
	<field>
      <name>finDisb41</name>
      <datatype>String</datatype>
      <mr_field>N</mr_field>
      <group_field>Y</group_field>
    </field>
	<field>
      <name>finDisb42</name>
      <datatype>String</datatype>
      <mr_field>N</mr_field>
      <group_field>Y</group_field>
    </field>
	<field>
      <name>finDisb43</name>
      <datatype>String</datatype>
      <mr_field>N</mr_field>
      <group_field>Y</group_field>
    </field>
	<field>
      <name>finDisb44</name>
      <datatype>String</datatype>
      <mr_field>N</mr_field>
      <group_field>Y</group_field>
    </field>
	<field>
      <name>finDisb45</name>
      <datatype>String</datatype>
      <mr_field>N</mr_field>
      <group_field>Y</group_field>
    </field>
	<field>
      <name>finDisb46</name>
      <datatype>String</datatype>
      <mr_field>N</mr_field>
      <group_field>Y</group_field>
    </field>
	<field>
      <name>finDisb51</name>
      <datatype>String</datatype>
      <mr_field>N</mr_field>
      <group_field>Y</group_field>
    </field>
	<field>
      <name>finDisb52</name>
      <datatype>String</datatype>
      <mr_field>N</mr_field>
      <group_field>Y</group_field>
    </field>
	<field>
      <name>finDisb53</name>
      <datatype>String</datatype>
      <mr_field>N</mr_field>
      <group_field>Y</group_field>
    </field>
	<field>
      <name>finDisb54</name>
      <datatype>String</datatype>
      <mr_field>N</mr_field>
      <group_field>Y</group_field>
    </field>
	<field>
      <name>finDisb55</name>
      <datatype>String</datatype>
      <mr_field>N</mr_field>
      <group_field>Y</group_field>
    </field>
	<field>
      <name>finDisb56</name>
      <datatype>String</datatype>
      <mr_field>N</mr_field>
      <group_field>Y</group_field>
    </field>
	<field>
      <name>finDisb61</name>
      <datatype>String</datatype>
      <mr_field>N</mr_field>
      <group_field>Y</group_field>
    </field>
	<field>
      <name>finDisb62</name>
      <datatype>String</datatype>
      <mr_field>N</mr_field>
      <group_field>Y</group_field>
    </field>
	<field>
      <name>finDisb63</name>
      <datatype>String</datatype>
      <mr_field>N</mr_field>
      <group_field>Y</group_field>
    </field>
	<field>
      <name>finDisb64</name>
      <datatype>String</datatype>
      <mr_field>N</mr_field>
      <group_field>Y</group_field>
    </field>
	<field>
      <name>finDisb65</name>
      <datatype>String</datatype>
      <mr_field>N</mr_field>
      <group_field>Y</group_field>
    </field>
	<field>
      <name>finDisb66</name>
      <datatype>String</datatype>
      <mr_field>N</mr_field>
      <group_field>Y</group_field>
    </field>
	<field>
      <name>finDisb71</name>
      <datatype>String</datatype>
      <mr_field>N</mr_field>
      <group_field>Y</group_field>
    </field>
	<field>
      <name>finDisb72</name>
      <datatype>String</datatype>
      <mr_field>N</mr_field>
      <group_field>Y</group_field>
    </field>
	<field>
      <name>finDisb73</name>
      <datatype>String</datatype>
      <mr_field>N</mr_field>
      <group_field>Y</group_field>
    </field>
	<field>
      <name>finDisb74</name>
      <datatype>String</datatype>
      <mr_field>N</mr_field>
      <group_field>Y</group_field>
    </field>
	<field>
      <name>finDisb75</name>
      <datatype>String</datatype>
      <mr_field>N</mr_field>
      <group_field>Y</group_field>
    </field>
	<field>
      <name>finDisb76</name>
      <datatype>String</datatype>
      <mr_field>N</mr_field>
      <group_field>Y</group_field>
    </field>
	<field>
      <name>finDisb81</name>
      <datatype>String</datatype>
      <mr_field>N</mr_field>
      <group_field>Y</group_field>
    </field>
	<field>
      <name>finDisb82</name>
      <datatype>String</datatype>
      <mr_field>N</mr_field>
      <group_field>Y</group_field>
    </field>
	<field>
      <name>finDisb83</name>
      <datatype>String</datatype>
      <mr_field>N</mr_field>
      <group_field>Y</group_field>
    </field>
	<field>
      <name>finDisb84</name>
      <datatype>String</datatype>
      <mr_field>N</mr_field>
      <group_field>Y</group_field>
    </field>
	<field>
      <name>finDisb85</name>
      <datatype>String</datatype>
      <mr_field>N</mr_field>
      <group_field>Y</group_field>
    </field>
	<field>
      <name>finDisb86</name>
      <datatype>String</datatype>
      <mr_field>N</mr_field>
      <group_field>Y</group_field>
    </field>
	<field>
      <name>finDisb91</name>
      <datatype>String</datatype>
      <mr_field>N</mr_field>
      <group_field>Y</group_field>
    </field>
	<field>
      <name>finDisb92</name>
      <datatype>String</datatype>
      <mr_field>N</mr_field>
      <group_field>Y</group_field>
    </field>
	<field>
      <name>finDisb93</name>
      <datatype>String</datatype>
      <mr_field>N</mr_field>
      <group_field>Y</group_field>
    </field>
	<field>
      <name>finDisb94</name>
      <datatype>String</datatype>
      <mr_field>N</mr_field>
      <group_field>Y</group_field>
    </field>
	<field>
      <name>finDisb95</name>
      <datatype>String</datatype>
      <mr_field>N</mr_field>
      <group_field>Y</group_field>
    </field>
	<field>
      <name>finDisb96</name>
      <datatype>String</datatype>
      <mr_field>N</mr_field>
      <group_field>Y</group_field>
    </field>
	<field>
      <name>DenomAmt</name>
      <datatype>String</datatype>
      <mr_field>N</mr_field>
      <group_field>Y</group_field>
    </field>
	<field>
      <name>DenomAmtCrncy</name>
      <datatype>String</datatype>
      <mr_field>N</mr_field>
      <group_field>Y</group_field>
    </field>
	<field>
      <name>sal</name>
      <datatype>String</datatype>
      <mr_field>N</mr_field>
      <group_field>Y</group_field>
    </field>
	<field>
      <name>cCode</name>
      <datatype>String</datatype>
      <mr_field>N</mr_field>
      <group_field>Y</group_field>
    </field>
	<field>
      <name>AD1</name>
      <datatype>String</datatype>
      <mr_field>N</mr_field>
      <group_field>Y</group_field>
    </field>
	<field>
      <name>AD2</name>
      <datatype>String</datatype>
      <mr_field>N</mr_field>
      <group_field>Y</group_field>
    </field>
	<field>
      <name>PNO</name>
      <datatype>String</datatype>
      <mr_field>N</mr_field>
      <group_field>Y</group_field>
    </field>
	<field>
      <name>cifId</name>
      <datatype>String</datatype>
      <mr_field>N</mr_field>
      <group_field>Y</group_field>
    </field>
	<field>
      <name>CFN</name>
      <datatype>String</datatype>
      <mr_field>N</mr_field>
      <group_field>Y</group_field>
    </field>
	<field>
      <name>CLN</name>
      <datatype>String</datatype>
      <mr_field>N</mr_field>
      <group_field>Y</group_field>
    </field>
	<field>
      <name>bvn2</name>
      <datatype>String</datatype>
      <mr_field>N</mr_field>
      <group_field>Y</group_field>
    </field>
	<field>
      <name>action</name>
      <datatype>String</datatype>
      <mr_field>N</mr_field>
      <group_field>Y</group_field>
    </field>
	<field>
      <name>roundOffAmt</name>
      <datatype>String</datatype>
      <mr_field>N</mr_field>
      <group_field>Y</group_field>
    </field>
  </field_list>
</group_details>

